{"cameraMode":{"drawMode":0,"name":"Shaded","section":"Shading Mode"},"sceneLighting":true,"audioPlay":false,"sceneViewState":{"m_AlwaysRefresh":false,"showFog":true,"showSkybox":true,"showFlares":true,"showImageEffects":true,"showParticleSystems":true,"showVisualEffectGraphs":true,"m_FxEnabled":true},"in2DMode":false,"pivot":{"x":-123.75572967529297,"y":-148.34417724609376,"z":1.5995421409606934},"rotation":{"x":-0.30661463737487795,"y":0.6226382851600647,"z":-0.28945326805114748,"w":-0.6590682864189148},"size":133.4587860107422,"orthographic":false}