{"cameraMode":{"drawMode":0,"name":"Shaded","section":"Shading Mode"},"sceneLighting":true,"audioPlay":false,"sceneViewState":{"m_AlwaysRefresh":false,"showFog":true,"showSkybox":true,"showFlares":true,"showImageEffects":true,"showParticleSystems":true,"showVisualEffectGraphs":true,"m_FxEnabled":true},"in2DMode":false,"pivot":{"x":-115.92400360107422,"y":-154.29734802246095,"z":14.931485176086426},"rotation":{"x":-0.30661463737487795,"y":0.6226382851600647,"z":-0.28945326805114748,"w":-0.6590682864189148},"size":116.40898895263672,"orthographic":false}